MC6O-F	9OO-LH
U54-1L	7-UH4Z
NCGR-Q	IR-DYY
HE-V4V	VI2K-J
N-HSK0	SH1-6P
05R-7A	NFM-0V
7-UH4Z	U54-1L
Y0-BVN	MSHD-4
X97D-W	T-GCGL
0-R5TS	0MV-4W
H-UCD1	IFJ-EL
7-K5EL	M-MD31
H-5GUI	PM-DWE
FH-TTC	VORM-W
FMBR-8	1W-0KS
3HX-DL	O-0ERG
NFM-0V	05R-7A
MY-T2P	A8A-JN
FA-DMO	ZA0L-U
GEKJ-9	E-OGL4
WBR5-R	47L-J4
4GYV-Q	Q-CAB2
4-HWWF	P3EN-E
YMJG-4	C2X-M5
8TPX-N	0R-F2F
PM-DWE	H-5GUI
K8X-6B	AZBR-2
X445-5	9GI-FB
9OO-LH	MC6O-F
P3EN-E	4-HWWF
IPAY-2	1-GBBP
DAYP-G	H-W9TY
IFJ-EL	H-UCD1
47L-J4	WBR5-R
6WW-28	H-NOU5
A8A-JN	MY-T2P
S-NJBB	J-GAMP
T-GCGL	X97D-W
0MV-4W	0-R5TS
TVN-FM	NJ4X-S
V-NL3K	669-IX
AZBR-2	K8X-6B
H-NOU5	6WW-28
KX-2UI	H-1EOH
MO-FIF	2DWM-2
Q-EHMJ	TZL-WT
H-1EOH	KX-2UI
IR-DYY	NCGR-Q
IT-YAU	6Y-WRK
1W-0KS	FMBR-8
669-IX	V-NL3K
0R-F2F	8TPX-N
2DWM-2	MO-FIF
VI2K-J	HE-V4V
6Y-WRK	IT-YAU
5T-KM3	A3-RQ3
1-GBBP	IPAY-2
C-FP70	Y-ZXIO
T-ZWA1	IMK-K1
ZA0L-U	FA-DMO
Y-ZXIO	C-FP70
A3-RQ3	5T-KM3
VORM-W	FH-TTC
E-OGL4	GEKJ-9
J-GAMP	S-NJBB
M-OEE8	F-749O
V0DF-2	DBT-GB
F-749O	M-OEE8
0-YMBJ	D7T-C0
UMI-KK	15W-GC
AW1-2I	D7-ZAC
15W-GC	UMI-KK
C2X-M5	YMJG-4
MSHD-4	Y0-BVN
H-W9TY	DAYP-G
D7-ZAC	AW1-2I
SH1-6P	N-HSK0
O-0ERG	3HX-DL
WH-JCA	F-G7BO
Q-CAB2	4GYV-Q
9GI-FB	X445-5
DBT-GB	V0DF-2
DL1C-E	X47L-Q
IMK-K1	T-ZWA1
NJ4X-S	TVN-FM
F-G7BO	WH-JCA
X47L-Q	DL1C-E
D7T-C0	0-YMBJ
M-MD31	7-K5EL
QKTR-L	0-GZX9
NBPH-N	AP9-LV
V-MZW0	TJM-JJ
AP9-LV	NBPH-N
0-GZX9	QKTR-L
TJM-JJ	V-MZW0
EOA-ZC	LR-2XT
LR-2XT	EOA-ZC
TZL-WT	Q-EHMJ
3DR-CR	KV-8SN
S-EVIQ	Z-LO6I
EOY-BG	X4UV-Z
IG-ZAM	ZJ-QOO
0-UVHJ	OE-4HB
ZJ-QOO	IG-ZAM
ZXA-V6	5-O8B1
U1TX-A	Z-SR1I
5-O8B1	ZXA-V6
Z-LO6I	S-EVIQ
Z-SR1I	U1TX-A
OE-4HB	0-UVHJ
MZPH-W	ZIU-EP
JSI-LL	P7Z-R3
V-LDEJ	KMQ4-V
J7YR-1	0P9Z-I
4-48K1	I-7RIS
NTV0-1	1G-MJE
0P9Z-I	J7YR-1
AH-B84	XM-4L0
JRZ-B9	J52-BH
X4UV-Z	EOY-BG
S-B7IT	4DTQ-K
BKG-Q2	MA-VDX
R4O-I6	B8O-KJ
KL3O-J	BU-IU4
Z-K495	C-LP3N
XM-4L0	AH-B84
QCWA-Z	X7R-JW
52G-NZ	4-BE0M
B8O-KJ	R4O-I6
KV-8SN	3DR-CR
8-4GQM	C-4ZOS
X7R-JW	QCWA-Z
A-G1FM	LXWN-W
4-BE0M	52G-NZ
I-7RIS	4-48K1
P7Z-R3	JSI-LL
ZIU-EP	MZPH-W
LXWN-W	A-G1FM
C-LP3N	Z-K495
1G-MJE	NTV0-1
MA-VDX	BKG-Q2
RO90-H	PUWL-4
J52-BH	JRZ-B9
5-P1Y2	ME-4IU
KMQ4-V	V-LDEJ
C-4ZOS	8-4GQM
4DTQ-K	S-B7IT
PUWL-4	RO90-H
ME-4IU	5-P1Y2
BU-IU4	KL3O-J
